{"stats":{"minecraft:mined":{"minecraft:short_grass":1,"minecraft:oak_log":1},"minecraft:custom":{"minecraft:jump":16,"minecraft:time_since_rest":1505,"minecraft:leave_game":1,"minecraft:damage_dealt":200,"minecraft:sprint_one_cm":467,"minecraft:play_time":1505,"minecraft:damage_taken":20,"minecraft:time_since_death":1505,"minecraft:walk_one_cm":5201,"minecraft:total_world_time":1505,"minecraft:mob_kills":2,"minecraft:fall_one_cm":880,"minecraft:fly_one_cm":1185},"minecraft:picked_up":{"minecraft:beef":1,"minecraft:oak_log":1,"minecraft:porkchop":2},"minecraft:killed":{"minecraft:pig":1,"minecraft:cow":1}},"DataVersion":3953}